first_name,last_name,email,address,contact,gender,age,occupation
Caitlyn,Bayer,Mona.Champlin45@gmail.com,"248 Desiree Court, Sunnyvale, Iowa, 43603",female,60,Chief Branding Manager
Daisha,Blick,Kiera_Green@yahoo.com,"69287 Aryanna Plains, Colton, Louisiana, 74799-3522",male,24,Chief Metrics Strategist
Vivienne,Stokes,Jennie_Welch@yahoo.com,"3255 Church Road, West Thoraworth, Michigan, 53622",male,61,Customer Operations Producer
Kailee,Blick,Summer_Lockman@hotmail.com,"62081 Mafalda Cliffs, Rogerboro, Arkansas, 45585",male,52,International Security Producer
Destini,Quitzon,Dariana71@gmail.com,"44334 Cumberland Street, Jordanbury, Hawaii, 33025-7008",male,21,Legacy Implementation Architect
Yolanda,Schoen,Emile_Rempel@yahoo.com,"8405 Sydnee Junctions, Lorenzfurt, Minnesota, 56896-7552",female,36,Forward Implementation Engineer
Luella,Swaniawski,Burnice.Runolfsson@yahoo.com,"41347 Zakary Pass, West Nolafort, Delaware, 24850",male,57,Human Assurance Architect
Christa,Sanford,Carolyne72@gmail.com,"157 Front Street, West Emmanuellehaven, Vermont, 84680-1572",male,56,District Mobility Coordinator
Alphonso,Balistreri,Randal31@yahoo.com,"740 Post Road, Port Emilyville, Pennsylvania, 98546",female,37,Chief Configuration Planner
Olen,Pagac,Flossie93@gmail.com,"1884 Schuster Coves, Fort Hillary, Connecticut, 08139-2298",male,25,Regional Security Liaison
